{
  "train_loss": [
    1.9071680619166447,
    1.5711838459357237,
    1.3513081941849145,
    1.2291072704853157,
    1.1235084805733118,
    1.0525949652378375,
    1.008695997335972,
    0.9670933750959543,
    0.9252311437557905,
    0.8988827959085122,
    0.8648767752525134,
    0.8424059715026464,
    0.8205054090573237,
    0.8009662741269821,
    0.7820068646699955,
    0.7654326481696887,
    0.7498818865189185,
    0.7286638944576949,
    0.7154332659183404,
    0.6967856767850045,
    0.6836165660466903,
    0.6826804164128426,
    0.6575206484550085,
    0.6570870564534114,
    0.6416869366780306,
    0.639300538943364,
    0.6260229754142272,
    0.6222165005329328,
    0.6049952114239717,
    0.5987492643869841,
    0.5905064469728715,
    0.5850949918612456,
    0.5849977473417918,
    0.5694883776016725,
    0.5628253259719946,
    0.5637739846339592,
    0.5552747521644984,
    0.5459524121039953,
    0.5472809407955561,
    0.5393760714775476,
    0.5311209588478774,
    0.5276974370846381,
    0.5238112394626324,
    0.5160631239414215,
    0.5084330254640335,
    0.5077838032673567,
    0.5047691189325773,
    0.49769711372179865,
    0.49141628390703446,
    0.48902890590521003,
    0.48383452067008387,
    0.4853013399319771,
    0.48204100391803645,
    0.4677591900030772,
    0.467040911087623,
    0.4690326501161624,
    0.46452214198234754,
    0.45562229890089767,
    0.4607753738378867,
    0.4513926720007872,
    0.44991588852344416,
    0.4457620518329816,
    0.4487570215494205,
    0.44225730513915035,
    0.4382387303389036,
    0.4326428303351769,
    0.4315597214759925,
    0.42971850755887153,
    0.42771701461229567,
    0.42991030842829975,
    0.42126848881061263,
    0.41449839105972874,
    0.41616917542922194,
    0.41921905126327125,
    0.41742814213801654,
    0.4102497854293921,
    0.40454224928831445,
    0.40739827950795493,
    0.406246802287224,
    0.40593806535769733,
    0.4029755483835171,
    0.4023246875176063,
    0.3966918349266052,
    0.39926531009185007,
    0.38669640666399246,
    0.39167205080007894,
    0.3944743445286384,
    0.3814671826668275,
    0.38574082454045616,
    0.3825968792805305,
    0.38538316518832477,
    0.38279704940624726,
    0.3780076219485356,
    0.38310953959440575,
    0.3793066633053315,
    0.37425663677545695,
    0.37793185856097783,
    0.3612972640074216,
    0.37011571786342523,
    0.37316679878112596
  ],
  "train_acc": [
    0.3017828525641026,
    0.437099358974359,
    0.5198317307692307,
    0.5653645833333333,
    0.6021434294871795,
    0.6290464743589743,
    0.6467347756410257,
    0.6591546474358975,
    0.674599358974359,
    0.6849759615384615,
    0.6961738782051282,
    0.7050280448717948,
    0.7122796474358974,
    0.7220753205128205,
    0.7254006410256411,
    0.7313902243589744,
    0.7367988782051282,
    0.7462540064102564,
    0.7498397435897436,
    0.7559495192307693,
    0.7625,
    0.7619190705128205,
    0.7709134615384615,
    0.7706330128205128,
    0.7766025641025641,
    0.7767027243589744,
    0.7830328525641026,
    0.782051282051282,
    0.7876802884615385,
    0.7919270833333333,
    0.7943309294871795,
    0.7957131410256411,
    0.7961939102564103,
    0.8006009615384615,
    0.8041466346153846,
    0.80234375,
    0.8065905448717948,
    0.8089543269230769,
    0.8091947115384616,
    0.8127403846153847,
    0.8137019230769231,
    0.8150040064102564,
    0.8168669871794871,
    0.8181891025641026,
    0.8242988782051283,
    0.8217748397435898,
    0.8243589743589743,
    0.8256810897435898,
    0.8270032051282051,
    0.8280649038461538,
    0.8311498397435897,
    0.8309094551282051,
    0.8325520833333333,
    0.8345753205128205,
    0.8367788461538461,
    0.8358774038461538,
    0.838261217948718,
    0.8415264423076924,
    0.8392427884615384,
    0.842948717948718,
    0.8426883012820513,
    0.8433293269230769,
    0.8436899038461538,
    0.845272435897436,
    0.8467948717948718,
    0.8506810897435897,
    0.8486177884615385,
    0.8516426282051283,
    0.8501602564102564,
    0.8511618589743589,
    0.8516426282051283,
    0.8543870192307692,
    0.8560096153846154,
    0.8556891025641026,
    0.8555488782051283,
    0.8573317307692307,
    0.8595953525641026,
    0.8593549679487179,
    0.8590344551282051,
    0.8593349358974359,
    0.8602964743589744,
    0.858613782051282,
    0.8620793269230769,
    0.860897435897436,
    0.8659254807692308,
    0.8645432692307692,
    0.864042467948718,
    0.8674879807692307,
    0.8660256410256411,
    0.8672676282051283,
    0.8650841346153846,
    0.8673878205128205,
    0.8678685897435897,
    0.8660256410256411,
    0.867568108974359,
    0.8692908653846154,
    0.8684495192307692,
    0.8740785256410256,
    0.870332532051282,
    0.8714142628205128
  ],
  "epoch_time": [
    50.9015998840332,
    50.1744544506073,
    48.39606738090515,
    47.15583562850952,
    47.364818811416626,
    48.05851888656616,
    46.98352336883545,
    47.85059833526611,
    47.637139558792114,
    48.821518659591675,
    47.811071157455444,
    47.94733166694641,
    47.544599533081055,
    47.6333224773407,
    47.53325819969177,
    47.92246723175049,
    47.60246205329895,
    47.97763657569885,
    47.75787878036499,
    47.389211893081665,
    47.531646966934204,
    47.46483635902405,
    47.45466089248657,
    47.68575930595398,
    47.33875370025635,
    47.92217564582825,
    47.85348081588745,
    47.162450313568115,
    48.16707730293274,
    47.66964364051819,
    48.02120399475098,
    46.76697301864624,
    47.44542360305786,
    47.096168756484985,
    46.55187153816223,
    46.15478777885437,
    47.549561500549316,
    47.331589460372925,
    46.85839128494263,
    47.08777451515198,
    47.208422899246216,
    47.969565629959106,
    47.48554491996765,
    48.11617302894592,
    48.5748553276062,
    47.60439872741699,
    47.671541690826416,
    47.208956480026245,
    47.79357314109802,
    46.82515478134155,
    47.10828375816345,
    47.30790972709656,
    49.19187331199646,
    47.159820556640625,
    47.11098623275757,
    47.108596324920654,
    47.33755612373352,
    47.52067041397095,
    46.63121485710144,
    47.446144104003906,
    47.60513401031494,
    47.46790647506714,
    47.096232652664185,
    47.05131721496582,
    47.72706413269043,
    47.924211502075195,
    47.69782781600952,
    47.68962073326111,
    47.276159048080444,
    48.329694986343384,
    47.631669759750366,
    47.617733001708984,
    47.65160059928894,
    46.979058027267456,
    47.02951383590698,
    47.190470457077026,
    47.925453186035156,
    48.37051558494568,
    47.3090922832489,
    47.29047250747681,
    47.02279233932495,
    47.24013352394104,
    47.68283009529114,
    47.52176642417908,
    47.72631025314331,
    48.178648471832275,
    48.30079960823059,
    48.03353476524353,
    46.87348175048828,
    48.295578718185425,
    48.01713562011719,
    48.1537606716156,
    48.28786015510559,
    47.68897008895874,
    48.17482614517212,
    47.13630962371826,
    47.60296392440796,
    47.093849420547485,
    47.64213967323303,
    47.68531346321106
  ],
  "total_time": 4785.704388856888,
  "best_acc": 0.8740785256410256
}